Index,index,"SYMBOL 
","COMPANY 
","NAME OF THE ACQUIRER/DISPOSER 
","CATEGORY OF PERSON 
","% SHAREHOLDING (PRIOR) 
","NO. OF SECURITIES (ACQUIRED/DISPLOSED) 
","VALUE OF SECURITY (ACQUIRED/DISPLOSED) 
","ACQUISITION/DISPOSAL TRANSACTION TYPE 
","TYPE OF SECURITY (POST) 
","NO. OF SECURITY (POST) 
","MODE OF ACQUISITION 
","BROADCASTE DATE AND TIME 
"
0,0,AARTIDRUGS,Aarti Drugs Limited,Jaya C. Gogri,Promoter Group,1.44,14546,14397295,Buy,Equity Shares,350524,Market Purchase,11-Jun-2020 17:35
1,1,AARTIDRUGS,Aarti Drugs Limited,Jaya C. Gogri,Promoter Group,1.4,10000,9856295,Buy,Equity Shares,335978,Market Purchase,11-Jun-2020 17:35
2,2,AAVAS,Aavas Financiers Limited,AJAY SHARMA,Employees/Designated Employees,0.0,2320,2858181,Sell,Equity Shares,0,Market Sale,10-Jun-2020 20:02
3,3,ADANIENT,Adani Enterprises Limited,Gautam S Adani / Rajesh S Adani (on behalf of S.B. Adani Family Trust),Promoter Group,56.48,700000,106300000,Pledge Revoke,Equity Shares,621197910,Revokation of Pledge,11-Jun-2020 19:43
4,4,ADANIGREEN,Adani Green Energy Limited,Adani Trading Services LLP,Promoter Group,33.92,15969000,4754800000,Pledge Revoke,Equity Shares,530579350,Revokation of Pledge,09-Jun-2020 14:53
5,5,ADANIPORTS,Adani Ports and Special Economic Zone Limited,Adani Tradeline LLP,Promoter Group,6.8,480000,164800000,Pledge Revoke,Equity Shares,138193549,Revokation of Pledge,10-Jun-2020 10:34
6,6,ADANIPORTS,Adani Ports and Special Economic Zone Limited,Gautam S. Adani & Rajesh S Adani (On behalf of S. B. Adani Family Trust),Promoter Group,39.34,2775000,952700000,Pledge Revoke,Equity Shares,799353935,Revokation of Pledge,09-Jun-2020 15:28
7,7,ADANIPORTS,Adani Ports and Special Economic Zone Limited,Adani Tradeline LLP,Promoter Group,6.8,50000,17000000,Pledge Revoke,Equity Shares,138193549,Revokation of Pledge,09-Jun-2020 18:51
8,8,ADANIPORTS,Adani Ports and Special Economic Zone Limited,Gautam S. Adani & Rajesh S Adani (On behalf of S. B. Adani Family Trust),Promoter Group,39.34,3200000,1109000000,Pledge Revoke,Equity Shares,799353935,Revokation of Pledge,11-Jun-2020 16:26
9,9,ADANITRANS,Adani Transmission Limited,Shri Gautam S. Adani/Shri Rajesh S. Adani (on behalf of S. B. Adani Family Trust),Promoter Group,56.48,700000,138500000,Pledge Revoke,Equity Shares,621197190,Revokation of Pledge,11-Jun-2020 16:29
10,10,ADANITRANS,Adani Transmission Limited,Shri Gautam S. Adani/Shri Rajesh S. Adani (on behalf of S. B. Adani Family Trust),Promoter Group,56.48,900000,161700000,Pledge Revoke,Equity Shares,621197910,Revokation of Pledge,09-Jun-2020 18:54
11,11,AKG,Akg Exim Limited,Rajeev Goel,Promoters,46.54,2840000,0,Sell,Equity Shares,240920,Off Market,10-Jun-2020 20:08
12,12,AKG,Akg Exim Limited,Mahima Goel,Promoter Group,23.1,2840000,0,Buy,Equity Shares,4369000,Off Market,10-Jun-2020 20:08
13,13,AUBANK,AU Small Finance Bank Limited,SHOORVEER SINGH SHEKHAWAT,Employees/Designated Employees,0.0,2360,1187316,Buy,Equity Shares,4480,ESOP,09-Jun-2020 17:58
14,14,AUBANK,AU Small Finance Bank Limited,Prince Tiwari,Employees/Designated Employees,0.0,6000,3018600,Buy,Equity Shares,11766,ESOP,09-Jun-2020 17:58
15,15,AUBANK,AU Small Finance Bank Limited,DEEPAK GOYAL,Employees/Designated Employees,0.0,2664,1340258,Buy,Equity Shares,10990,ESOP,09-Jun-2020 17:58
16,16,AUBANK,AU Small Finance Bank Limited,Raj Kumar Sharma,Employees/Designated Employees,0.01,19530,9825543,Buy,Equity Shares,52717,ESOP,09-Jun-2020 17:58
17,17,AUBANK,AU Small Finance Bank Limited,Vivek Tripathi,Employees/Designated Employees,0.02,2998,1508294,Pledge,Equity Shares,70708,Pledge Creation,09-Jun-2020 17:58
18,18,AUBANK,AU Small Finance Bank Limited,Raj Kumar Sharma,Employees/Designated Employees,0.02,19530,9825543,Pledge,Equity Shares,52717,Pledge Creation,09-Jun-2020 17:58
19,19,AUBANK,AU Small Finance Bank Limited,Vivek Tripathi,Employees/Designated Employees,0.02,10390,5227209,Buy,Equity Shares,70708,ESOP,09-Jun-2020 17:58
20,20,AXISBANK,Axis Bank Limited,Debarchan Mishra,Other,0.0,20100,6977066,Buy,Equity Shares,62658,ESOP,10-Jun-2020 19:44
21,21,AXISBANK,Axis Bank Limited,Debarchan Mishra,Other,0.0,10000,4340695,Sell,Equity Shares,42558,Market Sale,10-Jun-2020 19:44
22,22,BAJFINANCE,Bajaj Finance Limited,Shri Rajeev Jain,Director,0.0,50950,127476900,Pledge Revoke,Equity Shares,53950,Revokation of Pledge,09-Jun-2020 21:09
23,23,BAJFINANCE,Bajaj Finance Limited,Shri Anurag Chottani,Employees/Designated Employees,0.0,6150,15073896,Sell,Equity Shares,9000,Market Sale,09-Jun-2020 21:09
24,24,BAJFINANCE,Bajaj Finance Limited,Shri Sidhant Dadwal,Employees/Designated Employees,0.0,5026,12281534,Pledge Revoke,Equity Shares,5026,Revokation of Pledge,09-Jun-2020 21:09
25,25,BAJFINANCE,Bajaj Finance Limited,Shri Raul Raj Verma,Employees/Designated Employees,0.0,1200,918444,Buy,Equity Shares,42502,ESOP,09-Jun-2020 21:09
26,26,BAJFINANCE,Bajaj Finance Limited,Shri Raul Raj Verma,Employees/Designated Employees,0.0,1000,2511000,Sell,Equity Shares,41502,Market Sale,09-Jun-2020 21:09
27,27,BHARTIARTL,Bharti Airtel Limited,Ashish Goenka,Employees/Designated Employees,0.0,10400,2251204,Buy,Equity Shares,10416,ESOP,10-Jun-2020 22:40
28,28,BHARTIARTL,Bharti Airtel Limited,Badal Bagri,Key Managerial Personnel,0.0,5169,1058971,Buy,Equity Shares,9169,ESOP,10-Jun-2020 22:40
29,29,BIOCON,Biocon Limited,Krishnasai Tanneeru,Employees/Designated Employees,0.0,3000,1170000,Sell,Equity Shares,21000,Market Sale,11-Jun-2020 16:17
30,30,BIOCON,Biocon Limited,Vivek Gupta,Employees/Designated Employees,0.0,4000,1568739,Sell,Equity Shares,110500,Market Sale,11-Jun-2020 16:17
31,31,BRITANNIA,Britannia Industries Limited,Varun Berry,Director,0.03,2738,9583000,Sell,Equity Shares,65872,Market Sale,09-Jun-2020 01:00
32,32,BRITANNIA,Britannia Industries Limited,Varun Berry,Director,0.05,40000,138213200,Sell,Equity Shares,68610,Market Sale,09-Jun-2020 01:00
33,33,BSOFT,BIRLASOFT LIMITED,National Engineering Industries Limited,Promoters,37.01,2173125,299999906,Buy,Equity Shares,104717424,Off Market,11-Jun-2020 17:55
34,34,CHAMBLFERT,Chambal Fertilizers & Chemicals Limited,THE HINDUSTAN TIMES LIMITED,Promoters,13.83,10000,1383075,Buy,Equity Shares,57558649,Market Purchase,09-Jun-2020 16:40
35,35,CHAMBLFERT,Chambal Fertilizers & Chemicals Limited,THE HINDUSTAN TIMES LIMITED,Promoters,13.83,15000,2070552,Buy,Equity Shares,57573649,Market Purchase,11-Jun-2020 16:49
36,36,CHEMBOND,Chembond Chemicals Ltd,Finor Piplaj Chemicals Limited,Promoter Group,1.96,2194,313662,Buy,Equity Shares,265145,Market Purchase,10-Jun-2020 18:52
37,37,CHEMBOND,Chembond Chemicals Ltd,NIRMAL V SHAH,Promoters,12.65,1000,141499,Buy,Equity Shares,1702291,Market Purchase,10-Jun-2020 18:52
38,38,CHEMFAB,Chemfab Alkalis Limited,NITIN S COWLAGI,Director,0.13,38570,2022225,Buy,Equity Shares,56142,ESOP,09-Jun-2020 13:30
39,39,CHEMFAB,Chemfab Alkalis Limited,SRINIVASAN VAITHAMANITHI MUDUMBAI,Key Managerial Personnel,0.51,10000,524300,Buy,Equity Shares,81428,ESOP,09-Jun-2020 13:30
40,40,COROMANDEL,Coromandel International Limited,A Ramachandra Rao,Employees/Designated Employees,0.01,2000,1350000,Sell,Equity Shares,29599,Market Sale,11-Jun-2020 20:26
41,41,COROMANDEL,Coromandel International Limited,V Ravichandran,Director,0.02,10000,6760000,Sell,Equity Shares,40410,Market Sale,11-Jun-2020 20:26
42,42,COROMANDEL,Coromandel International Limited,V Ravichandran,Director,0.02,4260,2854200,Sell,Equity Shares,50410,Market Sale,11-Jun-2020 20:26
43,43,CRISIL,CRISIL Limited,Abhay Kantak,Employees/Designated Employees,0.0,263,392133,Sell,Equity Shares,1229,Market Sale,11-Jun-2020 00:21
44,44,CRISIL,CRISIL Limited,Abhay Kantak,Employees/Designated Employees,0.0,1176,1733375,Sell,Equity Shares,53,Market Sale,11-Jun-2020 00:21
45,45,CYIENT,Cyient Limited,Vikas Sehgal,Director,0.59,89370,18878662,Buy,Equity Shares,738570,Market Purchase,09-Jun-2020 18:44
46,46,DMART,Avenue Supermarts Limited,Sudipta Chatterjee,Employees/Designated Employees,0.01,10000,24500000,Sell,Equity Shares,90600,Gift,10-Jun-2020 18:45
47,47,DMART,Avenue Supermarts Limited,Prashant Lokhande,Employees/Designated Employees,0.01,5000,12265982,Sell,Equity Shares,115050,Market Sale,10-Jun-2020 18:45
48,48,DMART,Avenue Supermarts Limited,Jaideep Soman,Employees/Designated Employees,0.01,1000,2500000,Sell,Equity Shares,102321,Market Sale,10-Jun-2020 18:45
49,49,DMART,Avenue Supermarts Limited,Manoranjan Sahoo,Employees/Designated Employees,0.0,500,1223800,Sell,Equity Shares,57080,Market Sale,10-Jun-2020 18:45
50,50,DRREDDY,Dr. Reddy's Laboratories Limited,Vansi Krishna PV,Employees/Designated Employees,0.0,600,2418275,Sell,Equity Shares,324,Market Sale,09-Jun-2020 15:15
51,51,DRREDDY,Dr. Reddy's Laboratories Limited,C Nirmala Raju,Employees/Designated Employees,0.0,248,1001636,Sell,Equity Shares,0,Market Sale,09-Jun-2020 15:15
52,52,DRREDDY,Dr. Reddy's Laboratories Limited,Anuj Reddy,Employees/Designated Employees,0.0,600,2409094,Sell,Equity Shares,490,Market Sale,09-Jun-2020 15:15
53,53,DRREDDY,Dr. Reddy's Laboratories Limited,Sunil Kumar Kalra,Employees/Designated Employees,0.0,253,1009851,Sell,Equity Shares,447,Market Sale,09-Jun-2020 15:15
54,54,E2E,E2E Networks Limited,TARUN DUA,Promoters,54.4,20000,511000,Buy,Equity Shares,7844695,Market Purchase,11-Jun-2020 19:29
55,55,E2E,E2E Networks Limited,TARUN DUA,Promoters,54.14,38000,858000,Buy,Equity Shares,7824695,Market Purchase,09-Jun-2020 19:21
56,56,EMAMILTD,Emami Limited,Smriti Agarwal,Promoters,0.07,240000,47340000,Pledge Revoke,Equity Shares,334000,Revokation of Pledge,09-Jun-2020 21:19
57,57,ESCORTS,Escorts Limited,SHAILENDRA AGRAWAL,Director,0.01,7590,7407217,Sell,Equity Shares,0,Market Sale,09-Jun-2020 18:41
58,58,FSL,Firstsource Solutions Limited,Firstsource Employee Benefit Trust,Other,0.96,850000,33202074,Buy,Equity Shares,7515100,Market Purchase,10-Jun-2020 19:20
59,59,GODREJIND,Godrej Industries Limited,Godrej Seeds & Genetics Limited,Promoter Group,1.41,2296,838459,Buy,Equity Shares,4762918,Market Purchase,11-Jun-2020 21:41
60,60,GODREJIND,Godrej Industries Limited,Godrej Seeds & Genetics Limited,Promoter Group,1.41,4493,1573528,Buy,Equity Shares,4760622,Market Purchase,09-Jun-2020 21:49
61,61,GODREJIND,Godrej Industries Limited,Godrej Seeds & Genetics Limited,Promoter Group,1.42,58907,22283663,Buy,Equity Shares,4821825,Market Purchase,11-Jun-2020 21:41
62,62,GODREJIND,Godrej Industries Limited,Godrej Seeds & Genetics Limited,Promoter Group,1.3,388457,135693758,Buy,Equity Shares,4756129,Market Purchase,09-Jun-2020 21:49
63,63,HDFC,Housing Development Finance Corporation Limited,GANGULI M,Employees/Designated Employees,0.05,95500,149920675,Buy,Equity Shares,1024063,ESOP,11-Jun-2020 16:02
64,64,HDFC,Housing Development Finance Corporation Limited,SARDANA RAJEEV,Employees/Designated Employees,0.04,26250,26634563,Buy,Equity Shares,657390,ESOP,11-Jun-2020 16:02
65,65,HDFC,Housing Development Finance Corporation Limited,SARDANA RAJEEV,Employees/Designated Employees,0.04,250,253663,Buy,Equity Shares,631140,ESOP,11-Jun-2020 16:02
66,66,HDFC,Housing Development Finance Corporation Limited,SARDANA RAJEEV,Employees/Designated Employees,0.04,250,253663,Buy,Equity Shares,630890,ESOP,11-Jun-2020 16:02
67,67,HDFCAMC,HDFC Asset Management Company Limited,KRISHAN KUMAR DAGA,Employees/Designated Employees,0.02,450,1192500,Sell,Equity Shares,49950,Market Sale,11-Jun-2020 12:19
68,68,HDFCBANK,HDFC Bank Limited,Rajesh Sharma,Employees/Designated Employees,0.0,3000,3015000,Sell,Equity Shares,117800,Market Sale,09-Jun-2020 18:03
69,69,HDFCBANK,HDFC Bank Limited,Sanjiv Bhuyan,Employees/Designated Employees,0.0,2000,2047086,Sell,Equity Shares,15400,Market Sale,11-Jun-2020 16:29
70,70,HDFCBANK,HDFC Bank Limited,Ritesh Sampat,Employees/Designated Employees,0.0,2500,2645000,Sell,Equity Shares,25500,Market Sale,11-Jun-2020 16:29
71,71,HDFCBANK,HDFC Bank Limited,Munish Mittal,Employees/Designated Employees,0.0,4500,4754724,Sell,Equity Shares,60400,Market Sale,11-Jun-2020 16:29
72,72,HDFCBANK,HDFC Bank Limited,Rakesh Singh,Employees/Designated Employees,0.0,156000,160305600,Sell,Equity Shares,0,Market Sale,09-Jun-2020 18:03
73,73,HDFCBANK,HDFC Bank Limited,Amit Dayal,Employees/Designated Employees,0.0,4000,3973000,Sell,Equity Shares,52800,Market Sale,11-Jun-2020 16:29
74,74,HDFCBANK,HDFC Bank Limited,Ashok Khanna,Other,0.0,45800,47394972,Sell,Equity Shares,12000,Market Sale,09-Jun-2020 18:03
75,75,HDFCBANK,HDFC Bank Limited,Rohit Hariprasad Maroo,Other,0.0,300,1170290,Sell,Equity Shares,121496,Market Sale,09-Jun-2020 18:03
76,76,HDFCBANK,HDFC Bank Limited,Anil L Bhavnani,Employees/Designated Employees,0.01,1500,1595850,Sell,Equity Shares,325430,Market Sale,09-Jun-2020 18:03
77,77,HDFCBANK,HDFC Bank Limited,Neeraj Chawla,Employees/Designated Employees,0.0,1635,1655148,Sell,Equity Shares,61065,Market Sale,11-Jun-2020 16:29
78,78,HDFCBANK,HDFC Bank Limited,Neena Handa,Employees/Designated Employees,0.0,2000,2074000,Sell,Equity Shares,45300,Market Sale,09-Jun-2020 18:03
79,79,HDFCBANK,HDFC Bank Limited,Bindumadhav P Tikekar,Employees/Designated Employees,0.01,5000,5193800,Sell,Equity Shares,344722,Market Sale,09-Jun-2020 18:03
80,80,HDFCBANK,HDFC Bank Limited,Manish Kumar Agrawal,Employees/Designated Employees,0.0,1000,1062620,Sell,Equity Shares,49406,Market Sale,09-Jun-2020 18:03
81,81,HDFCBANK,HDFC Bank Limited,Anand Mankodi,Employees/Designated Employees,0.0,1500,1552500,Sell,Equity Shares,203500,Market Sale,09-Jun-2020 18:03
82,82,HDFCBANK,HDFC Bank Limited,Ashish Agarwal,Employees/Designated Employees,0.0,2000,2070192,Sell,Equity Shares,66300,Market Sale,09-Jun-2020 18:03
83,83,HDFCBANK,HDFC Bank Limited,Munish Mittal,Employees/Designated Employees,0.0,5400,5497442,Sell,Equity Shares,64900,Market Sale,09-Jun-2020 18:03
84,84,HDFCBANK,HDFC Bank Limited,Amit Kumar Saraff,Employees/Designated Employees,0.0,1000,1010000,Sell,Equity Shares,7400,Market Sale,09-Jun-2020 18:03
85,85,ICICIBANK,ICICI Bank Limited,AJAY KUMAR MOHANTY,Employees/Designated Employees,0.0,25000,9015000,Pledge Invoke,Equity Shares,40740,Invocation of pledge,10-Jun-2020 18:30
86,86,ICICIBANK,ICICI Bank Limited,Anish Madhavan,Employees/Designated Employees,0.0,15000,5500920,Pledge Invoke,Equity Shares,38500,Invocation of pledge,10-Jun-2020 18:30
87,87,ICICIBANK,ICICI Bank Limited,SANDEEP BAKHSHI,Key Managerial Personnel,0.0,10000,3500000,Sell,Equity Shares,220005,Market Sale,11-Jun-2020 17:50
88,88,ICICIBANK,ICICI Bank Limited,RAJAT KHANNA,Employees/Designated Employees,0.0,8800,3160810,Sell,Equity Shares,0,Market Sale,11-Jun-2020 17:50
89,89,ICICIPRULI,ICICI Prudential Life Insurance Company Limited,Puneet Nanda,Director,0.01,20000,8070000,Sell,Equity Shares,130000,Market Sale,10-Jun-2020 11:53
90,90,ICICIPRULI,ICICI Prudential Life Insurance Company Limited,B. Srinivas,Employees/Designated Employees,0.0,1300,520130,Sell,Equity Shares,3300,Market Sale,10-Jun-2020 11:53
91,91,ICICIPRULI,ICICI Prudential Life Insurance Company Limited,JUDHAJIT DAS,Employees/Designated Employees,0.0,1000,386719,Sell,Equity Shares,6000,Market Sale,10-Jun-2020 11:53
92,92,ICICIPRULI,ICICI Prudential Life Insurance Company Limited,B. Srinivas,Employees/Designated Employees,0.0,800,298585,Sell,Equity Shares,1400,Market Sale,10-Jun-2020 11:53
93,93,ICICIPRULI,ICICI Prudential Life Insurance Company Limited,B. Srinivas,Employees/Designated Employees,0.0,500,193625,Sell,Equity Shares,2800,Market Sale,10-Jun-2020 11:53
94,94,ICICIPRULI,ICICI Prudential Life Insurance Company Limited,B. Srinivas,Employees/Designated Employees,0.0,3200,416000,Buy,Equity Shares,4600,ESOP,10-Jun-2020 11:53
95,95,ICICIPRULI,ICICI Prudential Life Insurance Company Limited,JUDHAJIT DAS,Employees/Designated Employees,0.0,1000,403804,Sell,Equity Shares,4000,Market Sale,10-Jun-2020 11:53
96,96,ICICIPRULI,ICICI Prudential Life Insurance Company Limited,JUDHAJIT DAS,Employees/Designated Employees,0.0,1000,389762,Sell,Equity Shares,5000,Market Sale,10-Jun-2020 11:53
97,97,INDUSINDBK,Indusind Bank Limited,Indusind International Holdings Ltd,Promoters,9.6,500000,230956419,Buy,Equity Shares,67075939,Market Purchase,10-Jun-2020 15:40
98,98,INFY,Infosys Limited,Karmesh Gul Vaswani,Employees/Designated Employees,0.0,10150,7046257,Buy,ADR/GDR/FCCB,13625,ESOP,09-Jun-2020 20:41
99,99,INFY,Infosys Limited,Jayachandran Nair,Employees/Designated Employees,0.0,1920,1332888,Sell,ADR/GDR/FCCB,10306,ESOP,09-Jun-2020 20:41
100,100,INFY,Infosys Limited,Dinesh Bajaj,Employees/Designated Employees,0.0,2600,1804952,Sell,ADR/GDR/FCCB,27239,ESOP,11-Jun-2020 20:59
101,101,INFY,Infosys Limited,Jayachandran Nair,Employees/Designated Employees,0.0,4650,3228088,Buy,ADR/GDR/FCCB,12226,ESOP,09-Jun-2020 20:41
102,102,INFY,Infosys Limited,Ajay Vij,Employees/Designated Employees,0.0,3565,2474867,Sell,ADR/GDR/FCCB,9006,ESOP,09-Jun-2020 20:41
103,103,INFY,Infosys Limited,Ajay Vij,Employees/Designated Employees,0.0,6550,4547092,Buy,ADR/GDR/FCCB,12571,ESOP,09-Jun-2020 20:41
104,104,INFY,Infosys Limited,Narayan Vijay Sundaresan,Employees/Designated Employees,0.0,1716,1191268,Sell,ADR/GDR/FCCB,1900,ESOP,09-Jun-2020 20:41
105,105,INFY,Infosys Limited,Dinesh Bajaj,Employees/Designated Employees,0.0,6800,4720645,Buy,ADR/GDR/FCCB,29839,ESOP,09-Jun-2020 20:41
106,106,INFY,Infosys Limited,Jasmeet Singh,Employees/Designated Employees,0.0,2715,1884787,Sell,ADR/GDR/FCCB,13256,ESOP,09-Jun-2020 20:41
107,107,INFY,Infosys Limited,Vivek Sharma,Employees/Designated Employees,0.0,2210,1534209,Sell,ADR/GDR/FCCB,8461,ESOP,09-Jun-2020 20:41
108,108,INFY,Infosys Limited,Vivek Sharma,Employees/Designated Employees,0.0,4300,2985114,Buy,ADR/GDR/FCCB,10671,ESOP,09-Jun-2020 20:41
109,109,INFY,Infosys Limited,Anand Swaminathan,Employees/Designated Employees,0.0,2500,1735531,Sell,ADR/GDR/FCCB,33005,ESOP,09-Jun-2020 20:41
110,110,INFY,Infosys Limited,Infosys Employee Benefits Trust,Other,0.43,2432,1706722,Sell,Equity Shares,17810865,Market Sale,09-Jun-2020 20:41
111,111,INFY,Infosys Limited,Ramadas Kamath U.,Employees/Designated Employees,0.0,8000,5594800,Sell,Equity Shares,110,Market Sale,09-Jun-2020 20:41
112,112,INFY,Infosys Limited,Mohit Joshi,Employees/Designated Employees,0.0,33426,23204750,Buy,ADR/GDR/FCCB,95643,ESOP,09-Jun-2020 20:41
113,113,INFY,Infosys Limited,Mohit Joshi,Employees/Designated Employees,0.0,18000,12495826,Sell,ADR/GDR/FCCB,77643,ESOP,09-Jun-2020 20:41
114,114,INFY,Infosys Limited,Andrew Groth,Employees/Designated Employees,0.0,4650,3228088,Buy,ADR/GDR/FCCB,17329,ESOP,09-Jun-2020 20:41
115,115,INFY,Infosys Limited,Andrew Groth,Employees/Designated Employees,0.0,4650,3228088,Sell,ADR/GDR/FCCB,12679,ESOP,09-Jun-2020 20:41
116,116,INFY,Infosys Limited,Jasmeet Singh,Employees/Designated Employees,0.0,5326,3697376,Buy,ADR/GDR/FCCB,15971,ESOP,09-Jun-2020 20:41
117,117,INFY,Infosys Limited,Scott Sorokin,Employees/Designated Employees,0.0,8950,6213202,Sell,ADR/GDR/FCCB,0,ESOP,09-Jun-2020 20:41
118,118,INFY,Infosys Limited,Anand Swaminathan,Employees/Designated Employees,0.0,6526,4530431,Buy,ADR/GDR/FCCB,35505,ESOP,09-Jun-2020 20:41
119,119,INFY,Infosys Limited,Scott Sorokin,Employees/Designated Employees,0.0,8950,6213202,Buy,ADR/GDR/FCCB,8950,ESOP,09-Jun-2020 20:41
120,120,INFY,Infosys Limited,Vijayeendra S. Purohit,Employees/Designated Employees,0.0,2500,1787500,Sell,Equity Shares,88098,Market Sale,11-Jun-2020 21:21
121,121,INFY,Infosys Limited,Karmesh Gul Vaswani,Employees/Designated Employees,0.0,10150,7046257,Sell,ADR/GDR/FCCB,3475,ESOP,09-Jun-2020 20:41
122,122,INFY,Infosys Limited,Vijayeendra S. Purohit,Employees/Designated Employees,0.0,1000,725000,Sell,Equity Shares,87098,Market Sale,11-Jun-2020 21:21
123,123,INFY,Infosys Limited,Narayan Vijay Sundaresan,Employees/Designated Employees,0.0,3616,2510272,Buy,ADR/GDR/FCCB,3616,ESOP,09-Jun-2020 20:41
124,124,INFY,Infosys Limited,Dinesh Bajaj,Employees/Designated Employees,0.0,1971,1804952,Sell,ADR/GDR/FCCB,27868,ESOP,09-Jun-2020 20:41
125,125,JINDALSTEL,Jindal Steel & Power Limited,Danta Enterprises Private Ltd,Promoter Group,6.1,125000,18031250,Pledge Revoke,Equity Shares,62238816,Revokation of Pledge,11-Jun-2020 15:37
126,126,JMFINANCIL,JM Financial Limited,Sonia Dasgupta,Employees/Designated Employees,0.08,212000,12402000,Pledge Revoke,Equity Shares,658122,Revokation of Pledge,11-Jun-2020 15:40
127,127,JMFINANCIL,JM Financial Limited,Sonia Dasgupta,Employees/Designated Employees,0.08,363000,22161150,Pledge Revoke,Equity Shares,658122,Revokation of Pledge,11-Jun-2020 15:40
128,128,JSWENERGY,JSW Energy Limited,GLEBE TRADING PRIVATE LIMITED,Promoter Group,8.85,5896222,276532812,Pledge Revoke,Equity Shares,145332820,Revokation of Pledge,11-Jun-2020 11:59
129,129,JSWENERGY,JSW Energy Limited,Danta Enterprises Private Limited,Promoter Group,5.21,275000,12897500,Pledge Revoke,Equity Shares,85599613,Revokation of Pledge,11-Jun-2020 11:59
130,130,JUBLFOOD,Jubilant Foodworks Limited,Pratik Rashmikant Pota,Key Managerial Personnel,0.01,4720,8042600,Sell,Equity Shares,2000,Market Sale,10-Jun-2020 17:30
131,131,JUBLFOOD,Jubilant Foodworks Limited,Pratik Rashmikant Pota,Key Managerial Personnel,0.01,4000,6800000,Sell,Equity Shares,6720,Market Sale,10-Jun-2020 17:18
132,132,KCP,KCP Limited,S. Rajiv Rangasami,Promoter Group,0.2,20000,767847,Sell,Equity Shares,243327,Market Sale,09-Jun-2020 13:37
133,133,KOTAKBANK,Kotak Mahindra Bank Limited,Dipak Gupta,Director,0.06,8675,11724906,Sell,Equity Shares,1146556,Market Sale,10-Jun-2020 18:29
134,134,KOTAKBANK,Kotak Mahindra Bank Limited,KVS Manian,Director,0.03,20000,27020000,Sell,Equity Shares,543561,Market Sale,10-Jun-2020 18:29
135,135,KOTAKBANK,Kotak Mahindra Bank Limited,Jaimin bhatt,Key Managerial Personnel,0.07,10000,13529169,Sell,Equity Shares,1290200,Market Sale,09-Jun-2020 19:06
136,136,KOTAKBANK,Kotak Mahindra Bank Limited,Tejal A Shah,Employees/Designated Employees,0.01,5000,6659521,Sell,Equity Shares,106938,Market Sale,10-Jun-2020 18:29
137,137,KPITTECH,KPIT Technologies Limited,KPIT TECHNOLOGIES EMPLOYEES WELFARE TRUST,Other,1.92,2550,162053,Sell,Equity Shares,5253023,Market Sale,11-Jun-2020 17:02
138,138,L&TFH,L&T Finance Holdings Limited,Kailash Kulkarni,Employees/Designated Employees,0.01,200000,12844000,Sell,Equity Shares,100546,Market Sale,09-Jun-2020 16:58
139,139,LALPATHLAB,Dr. Lal Path Labs Ltd.,Satish Kumar Singh,Employees/Designated Employees,0.0,726,7260,Buy,Equity Shares,917,ESOP,10-Jun-2020 16:33
140,140,LALPATHLAB,Dr. Lal Path Labs Ltd.,Anil Chandwani,Employees/Designated Employees,0.02,740,7400,Buy,Equity Shares,15508,ESOP,10-Jun-2020 16:33
141,141,LALPATHLAB,Dr. Lal Path Labs Ltd.,Dr. Lal PathLabs Employees Welfare Trust,Other,1.04,2167,21670,Sell,Equity Shares,866046,ESOP,10-Jun-2020 16:33
142,142,LTI,Larsen & Toubro Infotech Limited,SARBAJIT DEB,Employees/Designated Employees,0.02,2000,3740000,Sell,Equity Shares,32550,Market Sale,10-Jun-2020 19:03
143,143,LTI,Larsen & Toubro Infotech Limited,Ashok Kumar Sonthalia,Key Managerial Personnel,0.01,3499,6553137,Sell,Equity Shares,16501,Market Sale,10-Jun-2020 19:03
144,144,LUPIN,Lupin Limited,Ramesh Swaminathan,Employees/Designated Employees,0.0,6500,5956555,Sell,Equity Shares,12232,Market Sale,11-Jun-2020 16:05
145,145,METROPOLIS,Metropolis Healthcare Limited,Mr. Vijender Singh,Key Managerial Personnel,0.09,5000,7118137,Sell,Equity Shares,41096,Market Sale,11-Jun-2020 18:36
146,146,METROPOLIS,Metropolis Healthcare Limited,Mr. Kunal Sinha,Employees/Designated Employees,0.0,100,146100,Sell,Equity Shares,1340,Market Sale,10-Jun-2020 18:35
147,147,METROPOLIS,Metropolis Healthcare Limited,Mr. Jayant Rajani,Employees/Designated Employees,0.0,250,374750,Sell,Equity Shares,952,Market Sale,10-Jun-2020 18:35
148,148,METROPOLIS,Metropolis Healthcare Limited,Mr. Jayant Rajani,Employees/Designated Employees,0.0,250,374750,Sell,Equity Shares,1202,Market Sale,10-Jun-2020 18:35
149,149,METROPOLIS,Metropolis Healthcare Limited,Mr. Tushar Karnik,Other,0.05,700,1042022,Sell,Equity Shares,27000,Market Sale,10-Jun-2020 18:35
150,150,METROPOLIS,Metropolis Healthcare Limited,Mr. Vijender Singh,Key Managerial Personnel,0.14,11000,16027660,Sell,Equity Shares,60096,Market Sale,11-Jun-2020 18:36
151,151,METROPOLIS,Metropolis Healthcare Limited,Mr. Vijender Singh,Key Managerial Personnel,0.12,14000,20328871,Sell,Equity Shares,46096,Market Sale,11-Jun-2020 18:36
152,152,MINDTREE,MindTree Limited,PANDURANGA PAI THOTTAM,Employees/Designated Employees,0.01,3405,3153615,Sell,Equity Shares,4400,Market Sale,11-Jun-2020 10:42
153,153,MITTAL,Mittal Life Style Limited,Brijeshkumar Jagdishkumar Mittal,Promoters,4.4,35000,4952500,Sell,Equity Shares,481998,Market Sale,09-Jun-2020 16:08
154,154,MITTAL,Mittal Life Style Limited,SUDHA BRIJESHKUMAR MITTAL,Promoters,2.13,46000,6532460,Sell,Equity Shares,204500,Market Sale,09-Jun-2020 16:08
155,155,MITTAL,Mittal Life Style Limited,SUDHA BRIJESHKUMAR MITTAL,Promoters,1.43,37000,5366110,Sell,Equity Shares,130500,Market Sale,11-Jun-2020 17:49
156,156,MITTAL,Mittal Life Style Limited,SUDHA BRIJESHKUMAR MITTAL,Promoters,1.74,37000,5310610,Sell,Equity Shares,167500,Market Sale,10-Jun-2020 16:46
157,157,MITTAL,Mittal Life Style Limited,Brijeshkumar Jagdishkumar Mittal,Promoters,4.1,45000,6516450,Sell,Equity Shares,436998,Market Sale,11-Jun-2020 17:49
158,158,MOTILALOFS,Motilal Oswal Financial Services Limited,Mr. Girish Nadkarni,Employees/Designated Employees,0.0,1860,1082848,Sell,Equity Shares,0,Revokation of Pledge,10-Jun-2020 20:54
159,159,MOTILALOFS,Motilal Oswal Financial Services Limited,Shakti Kumar Gupta,Employees/Designated Employees,0.01,4000,2263000,Pledge Revoke,Equity Shares,9000,Revokation of Pledge,10-Jun-2020 20:54
160,160,MOTILALOFS,Motilal Oswal Financial Services Limited,Niket A. Shah,Employees/Designated Employees,0.06,34000,20489111,Sell,Equity Shares,47500,Market Sale,10-Jun-2020 20:54
161,161,MOTILALOFS,Motilal Oswal Financial Services Limited,Sunil Kumar Goyal,Employees/Designated Employees,0.0,4000,2263000,Pledge Revoke,Equity Shares,6750,Revokation of Pledge,10-Jun-2020 20:54
162,162,MPHASIS,MphasiS Limited,V SURYANARAYANAN,Employees/Designated Employees,0.0,1000,885000,Sell,Equity Shares,17448,Market Sale,10-Jun-2020 16:19
163,163,NCC,NCC Limited,A V S R HOLDINGS PRIVATE LIMITED,Promoters,8.14,79000,2549700,Buy,Equity Shares,49732278,Market Purchase,10-Jun-2020 16:57
164,164,NCC,NCC Limited,A G K RAJU,Promoters,1.0,157511,5090456,Sell,Equity Shares,5951569,Market Sale,10-Jun-2020 16:57
165,165,NCC,NCC Limited,SIRISHA PROJECTS PRIVATE LIMITEDS,Promoters,1.99,78511,2540756,Buy,Equity Shares,12222669,Market Purchase,10-Jun-2020 16:57
166,166,PIIND,PI Industries Limited,"Mr. Ajay Kumar Sharma, Trustee,",Other,0.11,2364,1608297,Sell,Equity Shares,148861,ESOP,10-Jun-2020 16:30
167,167,QUESS,Quess Corp Limited,Ajit Abraham Isaac,Promoters,12.18,17678,4718534,Buy,Equity Shares,18001401,Market Purchase,10-Jun-2020 13:23
168,168,RBLBANK,RBL Bank Limited,DEEPAK GADDHYAN,Employees/Designated Employees,0.11,150000,18937500,Pledge Revoke,Equity Shares,538237,Revokation of Pledge,09-Jun-2020 17:43
169,169,RBLBANK,RBL Bank Limited,SHANTA VALLURY GANDHI,Employees/Designated Employees,0.03,5000,630250,Sell,Equity Shares,150000,Market Sale,09-Jun-2020 17:43
170,170,RBLBANK,RBL Bank Limited,SHANTA VALLURY GANDHI,Employees/Designated Employees,0.03,5000,683250,Sell,Equity Shares,142304,Market Sale,09-Jun-2020 17:43
171,171,RBLBANK,RBL Bank Limited,SHANTA VALLURY GANDHI,Employees/Designated Employees,0.03,2696,363960,Sell,Equity Shares,147304,Market Sale,09-Jun-2020 17:43
172,172,RPPL,Rajshreepolypack Limited,Mr. Naresh Radheshyam Thard,Immediate relative,15.21,1000,95500,Buy,Equity Shares,1709178,Market Purchase,09-Jun-2020 19:24
173,173,RPPL,Rajshreepolypack Limited,Mr.Ramswaroop Radheshyam Thard,Promoters,18.44,1000,95500,Buy,Equity Shares,2072158,Market Purchase,09-Jun-2020 19:24
174,174,RPPL,Rajshreepolypack Limited,Mr.Ramswaroop Radheshyam Thard,Promoters,18.48,1000,95500,Buy,Equity Shares,2077158,Market Purchase,09-Jun-2020 19:24
175,175,RPPL,Rajshreepolypack Limited,Mr.Ramswaroop Radheshyam Thard,Promoters,18.47,1000,95500,Buy,Equity Shares,2076158,Market Purchase,09-Jun-2020 19:24
176,176,RPPL,Rajshreepolypack Limited,Mr.Ramswaroop Radheshyam Thard,Promoters,18.39,3000,286500,Buy,Equity Shares,2069158,Market Purchase,09-Jun-2020 19:24
177,177,RPPL,Rajshreepolypack Limited,Mr.Ramswaroop Radheshyam Thard,Promoters,18.42,1000,95500,Buy,Equity Shares,2070158,Market Purchase,09-Jun-2020 19:24
178,178,RPPL,Rajshreepolypack Limited,Mr.Ramswaroop Radheshyam Thard,Promoters,18.43,1000,95500,Buy,Equity Shares,2071158,Market Purchase,09-Jun-2020 19:24
179,179,RPPL,Rajshreepolypack Limited,Mr.Ramswaroop Radheshyam Thard,Promoters,18.45,3000,285510,Buy,Equity Shares,2075158,Market Purchase,09-Jun-2020 19:24
180,180,SEQUENT,Sequent Scientific Limited,Agnus Holdings Private Limited,Promoters,1.85,12814935,1114258598,Buy,Equity Shares,17403447,Inter-se-Transfer,09-Jun-2020 17:48
181,181,SEQUENT,Sequent Scientific Limited,Chayadeep Ventures LLP,Promoters,10.12,12814935,1114258598,Sell,Equity Shares,12310065,Inter-se-Transfer,09-Jun-2020 17:48
182,182,SOLARA,Solara Active Pharma Sciences Limited,CHAITANYA VAIDYA,Immediate relative,0.07,2000,1081120,Buy,Equity Shares,22000,Market Purchase,11-Jun-2020 10:26
183,183,SOLARA,Solara Active Pharma Sciences Limited,CHAITANYA VAIDYA,Immediate relative,0.08,2100,1170960,Buy,Equity Shares,24100,Market Purchase,11-Jun-2020 10:26
184,184,SPARC,Sun Pharma Advanced Research Company Limited,Raksha S Valia,Promoter Group,1.58,3400000,494190000,Pledge,Equity Shares,4145231,Off Market,11-Jun-2020 22:28
185,185,SRIPIPES,Srikalahasthi Pipes Limited,Mayank Kejriwal,Director,1.33,45000,7859551,Buy,Equity Shares,664976,Market Purchase,10-Jun-2020 13:27
186,186,SRIPIPES,Srikalahasthi Pipes Limited,Mayank Kejriwal,Director,1.31,10000,1687103,Buy,Equity Shares,619976,Market Purchase,09-Jun-2020 10:29
187,187,SUNPHARMA,Sun Pharmaceutical Industries Limited,RAKSHA V VALIA,Immediate relative,1.41,6800000,3405100000,Pledge,Equity Shares,33830352,Pledge Creation,11-Jun-2020 22:08
188,188,SYNGENE,Syngene International Limited,Mukesh Kamath,Employees/Designated Employees,0.0,4975,1866264,Sell,Equity Shares,0,Market Sale,09-Jun-2020 17:06
189,189,SYNGENE,Syngene International Limited,Biocon Limited Employee Welfare Trust,Promoter Group,0.42,31367,11534987,Sell,Equity Shares,1632800,ESOP,09-Jun-2020 17:06
190,190,SYNGENE,Syngene International Limited,Biswajit Banerjiee,Other,0.0,5852,2151195,Buy,Equity Shares,5852,ESOP,09-Jun-2020 17:06
191,191,SYNGENE,Syngene International Limited,Kameswararao A V,Employees/Designated Employees,0.0,6884,2530558,Buy,Equity Shares,17212,ESOP,09-Jun-2020 17:06
192,192,SYNGENE,Syngene International Limited,Akhilesh Nand,Other,0.0,13656,5019945,Buy,Equity Shares,13666,ESOP,09-Jun-2020 17:06
193,193,SYNGENE,Syngene International Limited,Mukesh Kamath K,Employees/Designated Employees,0.0,4975,1833287,Buy,Equity Shares,4975,ESOP,09-Jun-2020 17:06
194,194,TCI,Transport Corporation of India Limited,BHAIYA SUMIT KUMAR,Employees/Designated Employees,0.03,1000,162000,Buy,Equity Shares,21000,Market Purchase,09-Jun-2020 16:29
195,195,TCS,Tata Consultancy Services Limited,Ganesan Krishnamurthy,Employees/Designated Employees,0.0,154,309540,Sell,Equity Shares,22913,Market Sale,10-Jun-2020 18:52
196,196,TCS,Tata Consultancy Services Limited,Ganesan Krishnamurthy,Employees/Designated Employees,0.0,121,246961,Sell,Equity Shares,22067,Market Sale,10-Jun-2020 18:52
197,197,TCS,Tata Consultancy Services Limited,Ganesan Krishnamurthy,Employees/Designated Employees,0.0,100,207700,Sell,Equity Shares,22188,Market Sale,10-Jun-2020 18:52
198,198,TCS,Tata Consultancy Services Limited,Ganesan Krishnamurthy,Employees/Designated Employees,0.0,125,250625,Sell,Equity Shares,22788,Market Sale,10-Jun-2020 18:52
199,199,TCS,Tata Consultancy Services Limited,Ganesan Krishnamurthy,Employees/Designated Employees,0.0,500,1016000,Sell,Equity Shares,22288,Market Sale,10-Jun-2020 18:52
200,200,TECHM,Tech Mahindra Limited,Rajesh Ethakur Plakkote,Employees/Designated Employees,0.0,2000,1200000,Sell,Equity Shares,38257,Market Sale,11-Jun-2020 14:32
201,201,TIINDIA,Tube Investments of India Limited,Srinivasan K R,Employees/Designated Employees,0.02,25000,9930243,Sell,Equity Shares,9090,Market Sale,10-Jun-2020 16:49
202,202,TIINDIA,Tube Investments of India Limited,Mahendra Kumar K,Key Managerial Personnel,0.01,2671,1054590,Sell,Equity Shares,7337,Market Sale,10-Jun-2020 16:49
203,203,TIINDIA,Tube Investments of India Limited,Mahendra Kumar K,Key Managerial Personnel,0.0,3688,1479255,Sell,Equity Shares,3649,Market Sale,10-Jun-2020 16:49
204,204,VAIBHAVGBL,Vaibhav Global Limited,Vaibhav Global Employee Stock Option Welfare Trust,Other,0.07,2986,3605349,Sell,Equity Shares,19384,Market Sale,11-Jun-2020 23:35
205,205,VAIBHAVGBL,Vaibhav Global Limited,Vaibhav Global Employee Stock Option Welfare Trust,Other,0.06,564,679056,Sell,Equity Shares,18820,Market Sale,11-Jun-2020 23:35
206,206,VAIBHAVGBL,Vaibhav Global Limited,Vaibhav Global Employee Stock Option Welfare Trust,Other,0.09,100,115100,Sell,Equity Shares,28506,Market Sale,11-Jun-2020 23:35
207,207,VAIBHAVGBL,Vaibhav Global Limited,Vaibhav Global Employee Stock Option Welfare Trust,Other,0.16,22950,25348166,Sell,Equity Shares,28606,Market Sale,11-Jun-2020 23:35
208,208,VAIBHAVGBL,Vaibhav Global Limited,Vaibhav Global Employee Stock Option Welfare Trust,Other,0.09,6136,7121958,Sell,Equity Shares,22370,Market Sale,11-Jun-2020 23:35
209,209,VBL,Varun Beverages Limited,RAVI KANT JAIPURIA AND SONS (HUF),Promoters,19.91,2100000,1291500000,Sell,Equity Shares,55381805,Market Sale,09-Jun-2020 18:27
210,210,VBL,Varun Beverages Limited,Vivek Gupta,Promoter Group,0.08,2881,1812443,Sell,Equity Shares,222674,Market Sale,10-Jun-2020 16:08
211,211,VBL,Varun Beverages Limited,Vivek Gupta,Promoter Group,0.08,12512,7929019,Sell,Equity Shares,225555,Market Sale,09-Jun-2020 17:53
212,212,VGUARD,V-Guard Industries Limited,SUDARSHAN KASTURI,Key Managerial Personnel,0.01,13192,2455436,Sell,Equity Shares,16105,Market Sale,09-Jun-2020 15:28
213,213,VGUARD,V-Guard Industries Limited,Nandagopal Nair,Employees/Designated Employees,0.0,5000,933298,Sell,Equity Shares,2326,Market Sale,09-Jun-2020 15:28
214,214,WHEELS,Wheels India Limited,Sundaram Finance Holdings Limited,Promoters,13.58,1200821,513471060,Buy,Equity Shares,4469917,Inter-se-Transfer,09-Jun-2020 17:31
215,215,WHEELS,Wheels India Limited,Titan Europe Limited,Promoters,20.0,1200821,5134711,Sell,Equity Shares,3612091,Market Sale,09-Jun-2020 17:52
216,216,WIPRO,Wipro Limited,Abidali Neemuchwala,-,0.0,75000,19430781,Sell,ADR/GDR/FCCB,689688,Market Sale,09-Jun-2020 21:15
217,217,WIPRO,Wipro Limited,Abidali Neemuchwala,-,0.0,75000,18930394,Sell,ADR/GDR/FCCB,764688,Market Sale,09-Jun-2020 21:15
218,218,WIPRO,Wipro Limited,Abidali Neemuchwala,-,0.0,960000,3611040,Buy,ADR/GDR/FCCB,1649688,ESOP,09-Jun-2020 21:15
219,219,WONDERLA,Wonderla Holidays Limited,Kochouseph Chittilappilly,Promoters,26.5,7800,1010947,Buy,Equity Shares,14985928,Market Purchase,09-Jun-2020 13:50
