,"SYMBOL 
","COMPANY 
","NAME OF THE ACQUIRER/DISPOSER 
","CATEGORY OF PERSON 
","% SHAREHOLDING (PRIOR) 
","NO. OF SECURITIES (ACQUIRED/DISPLOSED) 
","VALUE OF SECURITY (ACQUIRED/DISPLOSED) 
","ACQUISITION/DISPOSAL TRANSACTION TYPE 
","TYPE OF SECURITY (POST) 
","NO. OF SECURITY (POST) 
","MODE OF ACQUISITION 
","BROADCASTE DATE 
","BROADCASTE TIME 
"
0,AARTIDRUGS,Aarti Drugs Limited,Jigna Hiren Shah,Promoter Group,0.58,4016,4070163,Sell,Equity Shares,130790,Market Sale,08-Jun-2020,18:12:00
1,AARTIDRUGS,Aarti Drugs Limited,Jay Manilal Savla,Promoter Group,0.48,5000,5004451,Sell,Equity Shares,105837,Market Sale,08-Jun-2020,18:10:00
2,AARTIDRUGS,Aarti Drugs Limited,Jay Manilal Savla (Momi's Trust),Promoter Group,0.72,1000,989910,Sell,Equity Shares,166218,Market Sale,08-Jun-2020,18:09:00
3,AARTIDRUGS,Aarti Drugs Limited,Jay Manilal Savla (Momi's Trust),Promoter Group,0.71,1000,1017036,Sell,Equity Shares,165218,Market Sale,08-Jun-2020,18:09:00
4,AARTIIND,Aarti Industries Limited,JAYA CHANDRAKANT GOGRI,Promoter Group,3.46,15024,13773712,Sell,Equity Shares,6008628,Market Sale,08-Jun-2020,18:49:00
5,ADANIGREEN,Adani Green Energy Limited,Adani Trading Services LLP,Promoter Group,33.92,15969000,4754800000,Pledge Revoke,Equity Shares,530579350,Revokation of Pledge,09-Jun-2020,14:53:00
6,ADANIPORTS,Adani Ports and Special Economic Zone Limited,Gautam S. Adani & Rajesh S Adani (On behalf of S. B. Adani Family Trust),Promoter Group,39.34,2775000,952700000,Pledge Revoke,Equity Shares,799353935,Revokation of Pledge,09-Jun-2020,15:28:00
7,ADANIPORTS,Adani Ports and Special Economic Zone Limited,Adani Tradeline LLP,Promoter Group,6.8,50000,17000000,Pledge Revoke,Equity Shares,138193549,Revokation of Pledge,09-Jun-2020,18:51:00
8,ADANITRANS,Adani Transmission Limited,Shri Gautam S. Adani/Shri Rajesh S. Adani (on behalf of S. B. Adani Family Trust),Promoter Group,56.48,900000,161700000,Pledge Revoke,Equity Shares,621197910,Revokation of Pledge,09-Jun-2020,18:54:00
9,ALEMBICLTD,Alembic Limited,Nirayu Limited,Promoter Group,60.21,3926391,212404248,Buy,Equity Shares,158544523,Market Purchase,08-Jun-2020,18:44:00
10,APOLLOTYRE,Apollo Tyres Limited,PTL Enterprises Limited,Promoter Group,0.97,480000,50260145,Buy,Equity Shares,6010443,Market Purchase,08-Jun-2020,14:46:00
11,APOLLOTYRE,Apollo Tyres Limited,PTL Enterprises Limited,Promoter Group,0.95,10000,1042412,Buy,Equity Shares,5530443,Market Purchase,08-Jun-2020,14:46:00
12,APOLLOTYRE,Apollo Tyres Limited,PTL Enterprises Limited,Promoter Group,0.85,635000,68621277,Buy,Equity Shares,5520443,Market Purchase,08-Jun-2020,14:46:00
13,APTECHT,Aptech Limited,Jatin Koticha,Immediate relative,0.12,14000,1405740,Sell,Equity Shares,35000,Market Sale,08-Jun-2020,13:22:00
14,AUBANK,AU Small Finance Bank Limited,Prince Tiwari,Employees/Designated Employees,0.0,6000,3018600,Buy,Equity Shares,11766,ESOP,09-Jun-2020,17:58:00
15,AUBANK,AU Small Finance Bank Limited,Vivek Tripathi,Employees/Designated Employees,0.02,10390,5227209,Buy,Equity Shares,70708,ESOP,09-Jun-2020,17:58:00
16,AUBANK,AU Small Finance Bank Limited,Raj Kumar Sharma,Employees/Designated Employees,0.01,19530,9825543,Buy,Equity Shares,52717,ESOP,09-Jun-2020,17:58:00
17,AUBANK,AU Small Finance Bank Limited,Raj Kumar Sharma,Employees/Designated Employees,0.02,19530,9825543,Pledge,Equity Shares,52717,Pledge Creation,09-Jun-2020,17:58:00
18,AUBANK,AU Small Finance Bank Limited,Vivek Tripathi,Employees/Designated Employees,0.02,2998,1508294,Pledge,Equity Shares,70708,Pledge Creation,09-Jun-2020,17:58:00
19,AUBANK,AU Small Finance Bank Limited,DEEPAK GOYAL,Employees/Designated Employees,0.0,2664,1340258,Buy,Equity Shares,10990,ESOP,09-Jun-2020,17:58:00
20,AUBANK,AU Small Finance Bank Limited,SHOORVEER SINGH SHEKHAWAT,Employees/Designated Employees,0.0,2360,1187316,Buy,Equity Shares,4480,ESOP,09-Jun-2020,17:58:00
21,BAJFINANCE,Bajaj Finance Limited,Shri Rajeev Jain,Director,0.02,101250,253185750,Pledge,Equity Shares,153950,Pledge Creation,08-Jun-2020,19:29:00
22,BAJFINANCE,Bajaj Finance Limited,Shri Rajeev Jain,Director,0.0,101250,22240575,Buy,Equity Shares,153950,ESOP,08-Jun-2020,19:29:00
23,BAJFINANCE,Bajaj Finance Limited,Shri Sidhant Dadwal,Employees/Designated Employees,0.0,9500,24042885,Pledge Revoke,Equity Shares,14526,Revokation of Pledge,08-Jun-2020,19:29:00
24,BAJFINANCE,Bajaj Finance Limited,Shri Rajeev Jain,Director,0.02,50300,126319396,Pledge Revoke,Equity Shares,153950,Revokation of Pledge,08-Jun-2020,19:29:00
25,BAJFINANCE,Bajaj Finance Limited,Shri Rajeev Jain,Director,0.02,50300,126319396,Sell,Equity Shares,53950,Market Sale,08-Jun-2020,19:29:00
26,BAJFINANCE,Bajaj Finance Limited,Shri Sidhant Dadwal,Employees/Designated Employees,0.0,9750,7462358,Buy,Equity Shares,9750,ESOP,08-Jun-2020,20:09:00
27,BAJFINANCE,Bajaj Finance Limited,Shri Sidhant Dadwal,Employees/Designated Employees,0.0,2388,3218427,Buy,Equity Shares,12138,ESOP,08-Jun-2020,20:09:00
28,BAJFINANCE,Bajaj Finance Limited,Shri Sidhant Dadwal,Employees/Designated Employees,0.0,2388,4584841,Buy,Equity Shares,14526,ESOP,08-Jun-2020,20:09:00
29,BAJFINANCE,Bajaj Finance Limited,Shri Manav Mianwal,Employees/Designated Employees,0.0,1630,3823980,Pledge Revoke,Equity Shares,4130,Revokation of Pledge,08-Jun-2020,20:09:00
30,BAJFINANCE,Bajaj Finance Limited,Shri Sidhant Dadwal,Employees/Designated Employees,0.0,14526,33603722,Pledge,Equity Shares,14526,Pledge Creation,08-Jun-2020,20:09:00
31,BAJFINANCE,Bajaj Finance Limited,Shri Rajeev Jain,Director,0.02,49700,124473650,Sell,Equity Shares,104250,Market Sale,08-Jun-2020,19:29:00
32,BAJFINANCE,Bajaj Finance Limited,Shri Sidhant Dadwal,Employees/Designated Employees,0.0,9500,24042885,Sell,Equity Shares,5026,Market Sale,08-Jun-2020,19:29:00
33,BANDHANBNK,Bandhan Bank Limited,VINESH BHIMJIBHAI JAGANI,Employees/Designated Employees,0.0,9000,2101050,Pledge Revoke,Equity Shares,39283,Revokation of Pledge,08-Jun-2020,17:54:00
34,BIOCON,Biocon Limited,Vijaykumar Bhaskaran Pillai,Employees/Designated Employees,0.0,3500,1378455,Sell,Equity Shares,21776,Market Sale,08-Jun-2020,21:26:00
35,BIOCON,Biocon Limited,Paul Vazhayil Thomas,Employees/Designated Employees,0.0,33792,13226165,Sell,Equity Shares,67510,Market Sale,08-Jun-2020,21:26:00
36,BIOCON,Biocon Limited,Srinivasan Raman,Employees/Designated Employees,0.0,31000,11937790,Sell,Equity Shares,31000,Market Sale,08-Jun-2020,21:26:00
37,BIOCON,Biocon Limited,Krishnasai Tanneeru,Employees/Designated Employees,0.0,10000,3950000,Sell,Equity Shares,24000,Market Sale,08-Jun-2020,21:26:00
38,BIOCON,Biocon Limited,Vivek Gupta,Employees/Designated Employees,0.0,47500,18681750,Buy,Equity Shares,110500,ESOP,08-Jun-2020,21:32:00
39,BIOCON,Biocon Limited,Rumman Ahmed,Employees/Designated Employees,0.0,52000,20451600,Buy,Equity Shares,56000,ESOP,08-Jun-2020,21:32:00
40,BIOCON,Biocon Limited,Gayatri Nayak,Employees/Designated Employees,0.0,22900,9006570,Buy,Equity Shares,36500,ESOP,08-Jun-2020,21:32:00
41,BIOCON,Biocon Limited,Akhilesh Nand,Employees/Designated Employees,0.0,48000,18878400,Buy,Equity Shares,72000,ESOP,08-Jun-2020,21:32:00
42,BRITANNIA,Britannia Industries Limited,Varun Berry,Director,0.03,2738,9583000,Sell,Equity Shares,65872,Market Sale,09-Jun-2020,01:00:00
43,BRITANNIA,Britannia Industries Limited,Varun Berry,Director,0.05,40000,138213200,Sell,Equity Shares,68610,Market Sale,09-Jun-2020,01:00:00
44,CHAMBLFERT,Chambal Fertilizers & Chemicals Limited,Virendra Kishore Kapoor,Employees/Designated Employees,0.0,9000,661500,Buy,Equity Shares,21500,ESOP,08-Jun-2020,18:31:00
45,CHAMBLFERT,Chambal Fertilizers & Chemicals Limited,Virendra Kumar Gupta,Employees/Designated Employees,0.0,19000,1416600,Buy,Equity Shares,19000,ESOP,08-Jun-2020,18:31:00
46,CHAMBLFERT,Chambal Fertilizers & Chemicals Limited,THE HINDUSTAN TIMES LIMITED,Promoters,13.83,10000,1383075,Buy,Equity Shares,57558649,Market Purchase,09-Jun-2020,16:40:00
47,CHAMBLFERT,Chambal Fertilizers & Chemicals Limited,Alpana Juneja,Employees/Designated Employees,0.01,8000,663200,Buy,Equity Shares,40000,ESOP,08-Jun-2020,18:31:00
48,CHAMBLFERT,Chambal Fertilizers & Chemicals Limited,Arun Mahajan as Trustee of CFCL Employees Welfare Trust,Other,0.22,55500,4174550,Sell,Equity Shares,863000,ESOP,08-Jun-2020,18:31:00
49,CHEMFAB,Chemfab Alkalis Limited,SRINIVASAN VAITHAMANITHI MUDUMBAI,Key Managerial Personnel,0.51,10000,524300,Buy,Equity Shares,81428,ESOP,09-Jun-2020,13:30:00
50,CHEMFAB,Chemfab Alkalis Limited,NITIN S COWLAGI,Director,0.13,38570,2022225,Buy,Equity Shares,56142,ESOP,09-Jun-2020,13:30:00
51,COROMANDEL,Coromandel International Limited,P. Varadarajan,Key Managerial Personnel,0.0,8400,2685060,Buy,Equity Shares,10480,ESOP,08-Jun-2020,19:47:00
52,COROMANDEL,Coromandel International Limited,V Ravichandran,Director,0.03,25000,16500000,Sell,Equity Shares,54670,Market Sale,08-Jun-2020,19:47:00
53,COROMANDEL,Coromandel International Limited,Srikanthan Srinivasan,Employees/Designated Employees,0.0,7590,4014731,Buy,Equity Shares,7590,ESOP,08-Jun-2020,19:47:00
54,COROMANDEL,Coromandel International Limited,Prasanna Madhav Telang,Employees/Designated Employees,0.0,5000,2020000,Buy,Equity Shares,5250,ESOP,08-Jun-2020,19:47:00
55,COROMANDEL,Coromandel International Limited,Amit Rastogi,Employees/Designated Employees,0.0,8000,2557200,Buy,Equity Shares,8000,ESOP,08-Jun-2020,19:47:00
56,COROMANDEL,Coromandel International Limited,S GOVINDARAJAN,Employees/Designated Employees,0.01,10000,6500000,Sell,Equity Shares,25546,Market Sale,08-Jun-2020,19:47:00
57,COROMANDEL,Coromandel International Limited,A Ramachandra Rao,Employees/Designated Employees,0.01,5000,3302086,Sell,Equity Shares,31599,Market Sale,08-Jun-2020,19:47:00
58,CRISIL,CRISIL Limited,Abhay Kantak,Employees/Designated Employees,0.0,108,159948,Sell,Equity Shares,1492,Market Sale,08-Jun-2020,20:58:00
59,CRISIL,CRISIL Limited,Suresh Krishnamurthy,Employees/Designated Employees,0.0,4000,5822554,Sell,Equity Shares,0,Market Sale,08-Jun-2020,20:58:00
60,CRISIL,CRISIL Limited,Abhay Kantak,Employees/Designated Employees,0.0,644,952476,Sell,Equity Shares,1600,Market Sale,08-Jun-2020,20:58:00
61,CRISIL,CRISIL Limited,Binaifer Jehani,Employees/Designated Employees,0.0,2229,3277408,Sell,Equity Shares,6771,Market Sale,08-Jun-2020,20:58:00
62,CRISIL,CRISIL Limited,Abhay Kantak,Employees/Designated Employees,0.0,650,949650,Sell,Equity Shares,2244,Market Sale,08-Jun-2020,20:58:00
63,CRISIL,CRISIL Limited,Abhay Kantak,Employees/Designated Employees,0.0,600,874800,Sell,Equity Shares,2894,Market Sale,08-Jun-2020,20:58:00
64,CYIENT,Cyient Limited,Vikas Sehgal,Director,0.59,89370,18878662,Buy,Equity Shares,738570,Market Purchase,09-Jun-2020,18:44:00
65,DMART,Avenue Supermarts Limited,Narayanan Bhaskaran,Employees/Designated Employees,0.05,13000,32666920,Sell,Equity Shares,344500,Market Sale,08-Jun-2020,18:46:00
66,DMART,Avenue Supermarts Limited,Ramakant Baheti,Director,0.43,5000,12470000,Sell,Equity Shares,2835339,Market Sale,08-Jun-2020,18:46:00
67,DMART,Avenue Supermarts Limited,Rajesh Seth,Employees/Designated Employees,0.01,1750,4260000,Sell,Equity Shares,103750,Market Sale,08-Jun-2020,18:46:00
68,DMART,Avenue Supermarts Limited,Sony Singh,Employees/Designated Employees,0.0,60,150000,Sell,Equity Shares,1327,Market Sale,08-Jun-2020,18:46:00
69,DMART,Avenue Supermarts Limited,Ashu Gupta,Key Managerial Personnel,0.01,200,501500,Sell,Equity Shares,81700,Market Sale,08-Jun-2020,18:46:00
70,DRREDDY,Dr. Reddy's Laboratories Limited,Vansi Krishna PV,Employees/Designated Employees,0.0,600,2418275,Sell,Equity Shares,324,Market Sale,09-Jun-2020,15:15:00
71,DRREDDY,Dr. Reddy's Laboratories Limited,Sunil Kumar Kalra,Employees/Designated Employees,0.0,253,1009851,Sell,Equity Shares,447,Market Sale,09-Jun-2020,15:15:00
72,DRREDDY,Dr. Reddy's Laboratories Limited,Anuj Reddy,Employees/Designated Employees,0.0,600,2409094,Sell,Equity Shares,490,Market Sale,09-Jun-2020,15:15:00
73,DRREDDY,Dr. Reddy's Laboratories Limited,C Nirmala Raju,Employees/Designated Employees,0.0,248,1001636,Sell,Equity Shares,0,Market Sale,09-Jun-2020,15:15:00
74,E2E,E2E Networks Limited,TARUN DUA,Promoters,54.14,38000,858000,Buy,Equity Shares,7824695,Market Purchase,09-Jun-2020,19:21:00
75,ESCORTS,Escorts Limited,SHAILENDRA AGRAWAL,Director,0.01,2410,2404336,Sell,Equity Shares,7590,Market Sale,08-Jun-2020,14:37:00
76,ESCORTS,Escorts Limited,SHAILENDRA AGRAWAL,Director,0.01,7590,7407217,Sell,Equity Shares,0,Market Sale,09-Jun-2020,18:41:00
77,GATI,GATI Limited,MAHENDRA KUMAR AGARWAL and Sons HUF,Promoter Group,0.51,75000,3037500,Pledge Invoke,Equity Shares,546083,Invocation of pledge,08-Jun-2020,15:55:00
78,HDFCBANK,HDFC Bank Limited,Amit Kumar Saraff,Employees/Designated Employees,0.0,1000,1010000,Sell,Equity Shares,7400,Market Sale,09-Jun-2020,18:03:00
79,HDFCBANK,HDFC Bank Limited,Bindumadhav P Tikekar,Employees/Designated Employees,0.01,5000,5193800,Sell,Equity Shares,344722,Market Sale,09-Jun-2020,18:03:00
80,HDFCBANK,HDFC Bank Limited,Ashish Agarwal,Employees/Designated Employees,0.0,2000,2070192,Sell,Equity Shares,66300,Market Sale,09-Jun-2020,18:03:00
81,HDFCBANK,HDFC Bank Limited,Anand Mankodi,Employees/Designated Employees,0.0,1500,1552500,Sell,Equity Shares,203500,Market Sale,09-Jun-2020,18:03:00
82,HDFCBANK,HDFC Bank Limited,Anil L Bhavnani,Employees/Designated Employees,0.01,1500,1595850,Sell,Equity Shares,325430,Market Sale,09-Jun-2020,18:03:00
83,HDFCBANK,HDFC Bank Limited,Munish Mittal,Employees/Designated Employees,0.0,5400,5497442,Sell,Equity Shares,64900,Market Sale,09-Jun-2020,18:03:00
84,HDFCBANK,HDFC Bank Limited,Manish Kumar Agrawal,Employees/Designated Employees,0.0,1000,1062620,Sell,Equity Shares,49406,Market Sale,09-Jun-2020,18:03:00
85,HDFCBANK,HDFC Bank Limited,Ashok Khanna,Other,0.0,45800,47394972,Sell,Equity Shares,12000,Market Sale,09-Jun-2020,18:03:00
86,HDFCBANK,HDFC Bank Limited,Rohit Hariprasad Maroo,Other,0.0,300,1170290,Sell,Equity Shares,121496,Market Sale,09-Jun-2020,18:03:00
87,HDFCBANK,HDFC Bank Limited,Rajesh Sharma,Employees/Designated Employees,0.0,3000,3015000,Sell,Equity Shares,117800,Market Sale,09-Jun-2020,18:03:00
88,HDFCBANK,HDFC Bank Limited,Rakesh Singh,Employees/Designated Employees,0.0,156000,160305600,Sell,Equity Shares,0,Market Sale,09-Jun-2020,18:03:00
89,HDFCBANK,HDFC Bank Limited,Neena Handa,Employees/Designated Employees,0.0,2000,2074000,Sell,Equity Shares,45300,Market Sale,09-Jun-2020,18:03:00
90,HDFCLIFE,HDFC Life Insurance Company Limited,ESHWARI MURUGAN,Employees/Designated Employees,0.0,500,261500,Sell,Equity Shares,91000,Market Sale,08-Jun-2020,20:57:00
91,HDFCLIFE,HDFC Life Insurance Company Limited,ESHWARI MURUGAN,Employees/Designated Employees,0.0,1000,527000,Sell,Equity Shares,91500,Market Sale,08-Jun-2020,20:57:00
92,HDFCLIFE,HDFC Life Insurance Company Limited,Standard Life (Mauritius Holdings) 2006 Limited,Promoters,12.25,40000000,19856000000,Sell,Equity Shares,207311893,Market Sale,08-Jun-2020,20:57:00
93,HDFCLIFE,HDFC Life Insurance Company Limited,ESHWARI MURUGAN,Employees/Designated Employees,0.0,500,260500,Sell,Equity Shares,90500,Market Sale,08-Jun-2020,20:57:00
94,HEROMOTOCO,Hero MotoCorp Limited,Niranjan Kumar Gupta,Key Managerial Personnel,0.0,1674,3991318,Buy,Equity Shares,4866,ESOP,08-Jun-2020,21:25:00
95,ICICIBANK,ICICI Bank Limited,P.SURESH,Employees/Designated Employees,0.0,11000,1955360,Buy,Equity Shares,133000,ESOP,08-Jun-2020,20:17:00
96,JINDALSTEL,Jindal Steel & Power Limited,OPJ TRADING PRIVATE LIMITED,Promoter Group,18.47,829232,120611794,Pledge Revoke,Equity Shares,188413667,Revokation of Pledge,08-Jun-2020,15:21:00
97,JINDALSTEL,Jindal Steel & Power Limited,Opelina Sustainable Services Limited,Promoter Group,13.66,1880000,273446000,Pledge Revoke,Equity Shares,139300393,Revokation of Pledge,08-Jun-2020,15:21:00
98,JINDALSTEL,Jindal Steel & Power Limited,OPJ TRADING PRIVATE LIMITED,Promoter Group,18.47,6320000,805168000,Pledge Revoke,Equity Shares,188413667,Revokation of Pledge,08-Jun-2020,15:21:00
99,JINDALSTEL,Jindal Steel & Power Limited,Gagan Infraenergy Limited,Promoter Group,4.88,1152768,167670106,Pledge Revoke,Equity Shares,49709952,Revokation of Pledge,08-Jun-2020,15:21:00
100,KCP,KCP Limited,S. Rajiv Rangasami,Promoter Group,0.2,20000,767847,Sell,Equity Shares,243327,Market Sale,09-Jun-2020,13:37:00
101,KOTAKBANK,Kotak Mahindra Bank Limited,Jaimin bhatt,Key Managerial Personnel,0.07,10000,13529169,Sell,Equity Shares,1290200,Market Sale,09-Jun-2020,19:06:00
102,KOTAKBANK,Kotak Mahindra Bank Limited,Hemal Vakil,Employees/Designated Employees,0.0,2000,2650000,Sell,Equity Shares,66141,Market Sale,08-Jun-2020,20:54:00
103,KOTAKBANK,Kotak Mahindra Bank Limited,Dipak Gupta,Director,0.06,4387,5907351,Sell,Equity Shares,1155231,Market Sale,08-Jun-2020,20:54:00
104,KOTAKBANK,Kotak Mahindra Bank Limited,D Kannan,Employees/Designated Employees,0.03,20000,27700000,Sell,Equity Shares,665690,Market Sale,08-Jun-2020,20:54:00
105,L&TFH,L&T Finance Holdings Limited,Kailash Kulkarni,Employees/Designated Employees,0.01,200000,12844000,Sell,Equity Shares,100546,Market Sale,09-Jun-2020,16:58:00
106,MAXINDIA,Max India Limited,Max Ventures Investment Holdings Pvt Ltd,Promoter Group,38.55,950000,65835000,Pledge Revoke,Equity Shares,103667976,Revokation of Pledge,08-Jun-2020,18:44:00
107,METROPOLIS,Metropolis Healthcare Limited,Mr. Pradip Dige,Employees/Designated Employees,0.0,185,269447,Sell,Equity Shares,500,Market Sale,08-Jun-2020,20:23:00
108,METROPOLIS,Metropolis Healthcare Limited,Mr. K K Lakshminarayanan,Employees/Designated Employees,0.0,500,716766,Sell,Equity Shares,400,Market Sale,08-Jun-2020,23:01:00
109,METROPOLIS,Metropolis Healthcare Limited,Mr. K K Lakshminarayanan,Employees/Designated Employees,0.0,400,576919,Sell,Equity Shares,0,Market Sale,08-Jun-2020,23:01:00
110,METROPOLIS,Metropolis Healthcare Limited,Mr. Satish Paliwal,Employees/Designated Employees,0.0,50,71697,Sell,Equity Shares,1700,Market Sale,08-Jun-2020,20:23:00
111,METROPOLIS,Metropolis Healthcare Limited,Mr. Tushar Karnik,Other,0.06,2405,3555850,Sell,Equity Shares,27700,Market Sale,08-Jun-2020,20:23:00
112,METROPOLIS,Metropolis Healthcare Limited,Mr. Abhishek Rawka,Other,0.0,500,745000,Sell,Equity Shares,2000,Market Sale,08-Jun-2020,20:23:00
113,METROPOLIS,Metropolis Healthcare Limited,Mr. Jayant Rajani,Employees/Designated Employees,0.0,250,369750,Sell,Equity Shares,1452,Market Sale,08-Jun-2020,20:23:00
114,METROPOLIS,Metropolis Healthcare Limited,Mr. Jayant Rajani,Employees/Designated Employees,0.0,250,369750,Sell,Equity Shares,1702,Market Sale,08-Jun-2020,20:23:00
115,METROPOLIS,Metropolis Healthcare Limited,Mr. Rahul Kawankar,Employees/Designated Employees,0.0,100,146000,Sell,Equity Shares,1463,Market Sale,08-Jun-2020,20:23:00
116,METROPOLIS,Metropolis Healthcare Limited,Mr. Rahul Kawankar,Employees/Designated Employees,0.0,387,556893,Sell,Equity Shares,1563,Market Sale,08-Jun-2020,20:23:00
117,MINDTREE,MindTree Limited,SUBROTO BAGCHI-PROMOTER,Promoters,2.88,40000,37580000,Sell,Equity Shares,4694305,Market Sale,08-Jun-2020,19:00:00
118,MINDTREE,MindTree Limited,Siddarth Krishna Kumar,Promoter Group,0.3,4500,4189500,Sell,Equity Shares,495400,Market Sale,08-Jun-2020,19:10:00
119,MITTAL,Mittal Life Style Limited,Brijeshkumar Jagdishkumar Mittal,Promoters,4.4,35000,4952500,Sell,Equity Shares,481998,Market Sale,09-Jun-2020,16:08:00
120,MITTAL,Mittal Life Style Limited,SUDHA BRIJESHKUMAR MITTAL,Promoters,2.13,46000,6532460,Sell,Equity Shares,204500,Market Sale,09-Jun-2020,16:08:00
121,NESCO,Nesco Limited,CHANDLER & PRICE (I) PVT. LTD.,Promoter Group,27.73,7573,3526308,Buy,Equity Shares,19543500,Market Purchase,08-Jun-2020,17:48:00
122,OLECTRA,Olectra Greentech Limited,L P Sashikumar,Promoters,0.65,500000,108650000,Pledge Revoke,Equity Shares,534350,Revokation of Pledge,08-Jun-2020,16:04:00
123,QUESS,Quess Corp Limited,Ajit Abraham Isaac,Promoters,12.17,17700,5015412,Buy,Equity Shares,17983723,Market Purchase,08-Jun-2020,14:29:00
124,RBLBANK,RBL Bank Limited,SHANTA VALLURY GANDHI,Employees/Designated Employees,0.03,5000,630250,Sell,Equity Shares,150000,Market Sale,09-Jun-2020,17:43:00
125,RBLBANK,RBL Bank Limited,DEEPAK GADDHYAN,Employees/Designated Employees,0.11,150000,18937500,Pledge Revoke,Equity Shares,538237,Revokation of Pledge,09-Jun-2020,17:43:00
126,RBLBANK,RBL Bank Limited,SHANTA VALLURY GANDHI,Employees/Designated Employees,0.03,2696,363960,Sell,Equity Shares,147304,Market Sale,09-Jun-2020,17:43:00
127,RBLBANK,RBL Bank Limited,SHANTA VALLURY GANDHI,Employees/Designated Employees,0.03,5000,683250,Sell,Equity Shares,142304,Market Sale,09-Jun-2020,17:43:00
128,RPPL,Rajshreepolypack Limited,Mr.Ramswaroop Radheshyam Thard,Promoters,18.47,1000,95500,Buy,Equity Shares,2076158,Market Purchase,09-Jun-2020,19:24:00
129,RPPL,Rajshreepolypack Limited,Mr.Ramswaroop Radheshyam Thard,Promoters,18.48,1000,95500,Buy,Equity Shares,2077158,Market Purchase,09-Jun-2020,19:24:00
130,RPPL,Rajshreepolypack Limited,Mr. Naresh Radheshyam Thard,Immediate relative,15.21,1000,95500,Buy,Equity Shares,1709178,Market Purchase,09-Jun-2020,19:24:00
131,RPPL,Rajshreepolypack Limited,Mr.Ramswaroop Radheshyam Thard,Promoters,18.39,3000,286500,Buy,Equity Shares,2069158,Market Purchase,09-Jun-2020,19:24:00
132,RPPL,Rajshreepolypack Limited,Mr.Ramswaroop Radheshyam Thard,Promoters,18.42,1000,95500,Buy,Equity Shares,2070158,Market Purchase,09-Jun-2020,19:24:00
133,RPPL,Rajshreepolypack Limited,Mr.Ramswaroop Radheshyam Thard,Promoters,18.43,1000,95500,Buy,Equity Shares,2071158,Market Purchase,09-Jun-2020,19:24:00
134,RPPL,Rajshreepolypack Limited,Mr.Ramswaroop Radheshyam Thard,Promoters,18.44,1000,95500,Buy,Equity Shares,2072158,Market Purchase,09-Jun-2020,19:24:00
135,RPPL,Rajshreepolypack Limited,Mr.Ramswaroop Radheshyam Thard,Promoters,18.45,3000,285510,Buy,Equity Shares,2075158,Market Purchase,09-Jun-2020,19:24:00
136,SEQUENT,Sequent Scientific Limited,Chayadeep Ventures LLP,Promoters,10.12,12814935,1114258598,Sell,Equity Shares,12310065,Inter-se-Transfer,09-Jun-2020,17:48:00
137,SEQUENT,Sequent Scientific Limited,Agnus Holdings Private Limited,Promoters,1.85,12814935,1114258598,Buy,Equity Shares,17403447,Inter-se-Transfer,09-Jun-2020,17:48:00
138,SHK,S H Kelkar and Company Limited,Kedar Vaze,Promoters,10.88,1554000,101720797,Buy,Equity Shares,16934614,Market Purchase,08-Jun-2020,17:38:00
139,SOLARA,Solara Active Pharma Sciences Limited,CHAITANYA VAIDYA,Immediate relative,0.05,6400,3530880,Buy,Equity Shares,20000,Market Purchase,08-Jun-2020,10:18:00
140,SRIPIPES,Srikalahasthi Pipes Limited,Mayank Kejriwal,Director,1.31,10000,1687103,Buy,Equity Shares,619976,Market Purchase,09-Jun-2020,10:29:00
141,SUNPHARMA,Sun Pharmaceutical Industries Limited,Sailesh T. Desai,Director,0.12,1110,517149,Pledge,Equity Shares,2610747,Others,08-Jun-2020,16:44:00
142,SUNPHARMA,Sun Pharmaceutical Industries Limited,Shanghvi Finance Private Limied,Promoter Group,40.3,2850000,1408612500,Pledge Revoke,Equity Shares,967051732,Revokation of Pledge,08-Jun-2020,16:44:00
143,SUNPHARMA,Sun Pharmaceutical Industries Limited,Sailesh T. Desai,Director,0.12,708,337645,Pledge,Equity Shares,2610747,Others,08-Jun-2020,16:44:00
144,SYNGENE,Syngene International Limited,Biswajit Banerjiee,Other,0.0,5852,2151195,Buy,Equity Shares,5852,ESOP,09-Jun-2020,17:06:00
145,SYNGENE,Syngene International Limited,Kaustubh Ronghe,Employees/Designated Employees,0.01,3000,1119125,Sell,Equity Shares,25196,Market Sale,08-Jun-2020,19:45:00
146,SYNGENE,Syngene International Limited,Kameswararao A V,Employees/Designated Employees,0.0,6884,2530558,Buy,Equity Shares,17212,ESOP,09-Jun-2020,17:06:00
147,SYNGENE,Syngene International Limited,Mukesh Kamath K,Employees/Designated Employees,0.0,4975,1833287,Buy,Equity Shares,4975,ESOP,09-Jun-2020,17:06:00
148,SYNGENE,Syngene International Limited,Biocon Limited Employee Welfare Trust,Promoter Group,0.42,31367,11534987,Sell,Equity Shares,1632800,ESOP,09-Jun-2020,17:06:00
149,SYNGENE,Syngene International Limited,Akhilesh Nand,Other,0.0,13656,5019945,Buy,Equity Shares,13666,ESOP,09-Jun-2020,17:06:00
150,SYNGENE,Syngene International Limited,Mukesh Kamath,Employees/Designated Employees,0.0,4975,1866264,Sell,Equity Shares,0,Market Sale,09-Jun-2020,17:06:00
151,TCI,Transport Corporation of India Limited,BHAIYA SUMIT KUMAR,Employees/Designated Employees,0.03,1000,162000,Buy,Equity Shares,21000,Market Purchase,09-Jun-2020,16:29:00
152,VBL,Varun Beverages Limited,Vivek Gupta,Promoter Group,0.08,12512,7929019,Sell,Equity Shares,225555,Market Sale,09-Jun-2020,17:53:00
153,VBL,Varun Beverages Limited,RAVI KANT JAIPURIA AND SONS (HUF),Promoters,19.91,2100000,1291500000,Sell,Equity Shares,55381805,Market Sale,09-Jun-2020,18:27:00
154,VGUARD,V-Guard Industries Limited,Nandagopal Nair,Employees/Designated Employees,0.0,5000,933298,Sell,Equity Shares,2326,Market Sale,09-Jun-2020,15:28:00
155,VGUARD,V-Guard Industries Limited,SUDARSHAN KASTURI,Key Managerial Personnel,0.01,13192,2455436,Sell,Equity Shares,16105,Market Sale,09-Jun-2020,15:28:00
156,VMART,V-Mart Retail Limited,Hemant Agarwal HUF,Promoters,1.55,50000,85100000,Sell,Equity Shares,232249,Market Sale,08-Jun-2020,19:24:00
157,VMART,V-Mart Retail Limited,Hemant Agarwal HUF,Promoters,1.69,25000,43006330,Sell,Equity Shares,282249,Market Sale,08-Jun-2020,19:24:00
158,VMART,V-Mart Retail Limited,Smiti Agarwal,Promoters,2.0,50000,85001000,Sell,Equity Shares,313505,Market Sale,08-Jun-2020,19:24:00
159,WHEELS,Wheels India Limited,Sundaram Finance Holdings Limited,Promoters,13.58,1200821,513471060,Buy,Equity Shares,4469917,Inter-se-Transfer,09-Jun-2020,17:31:00
160,WHEELS,Wheels India Limited,Titan Europe Limited,Promoters,20.0,1200821,5134711,Sell,Equity Shares,3612091,Market Sale,09-Jun-2020,17:52:00
161,WONDERLA,Wonderla Holidays Limited,Kochouseph Chittilappilly,Promoters,26.5,7800,1010947,Buy,Equity Shares,14985928,Market Purchase,09-Jun-2020,13:50:00
